Stimulus,Choice1,Choice2,Choice3,Choice4,Choice5,Choice6,Choice7,Choice8,Corr
../../CompanionFolderForCognitiveTasks/MatricesImages/AltBMatrix1.bmp,../../CompanionFolderForCognitiveTasks/MatricesImages/AltBMatrix1Choice1.bmp,../../CompanionFolderForCognitiveTasks/MatricesImages/AltBMatrix1Choice2.bmp,../../CompanionFolderForCognitiveTasks/MatricesImages/AltBMatrix1Choice3.bmp,../../CompanionFolderForCognitiveTasks/MatricesImages/AltBMatrix1Choice4.bmp,../../CompanionFolderForCognitiveTasks/MatricesImages/AltBMatrix1Choice5.bmp,../../CompanionFolderForCognitiveTasks/MatricesImages/AltBMatrix1Choice6.bmp,../../CompanionFolderForCognitiveTasks/MatricesImages/AltBMatrix1Choice7.bmp,../../CompanionFolderForCognitiveTasks/MatricesImages/AltBMatrix1Choice8.bmp,2
../../CompanionFolderForCognitiveTasks/MatricesImages/AltBMatrix2.bmp,../../CompanionFolderForCognitiveTasks/MatricesImages/AltBMatrix2Choice1.bmp,../../CompanionFolderForCognitiveTasks/MatricesImages/AltBMatrix2Choice2.bmp,../../CompanionFolderForCognitiveTasks/MatricesImages/AltBMatrix2Choice3.bmp,../../CompanionFolderForCognitiveTasks/MatricesImages/AltBMatrix2Choice4.bmp,../../CompanionFolderForCognitiveTasks/MatricesImages/AltBMatrix2Choice5.bmp,../../CompanionFolderForCognitiveTasks/MatricesImages/AltBMatrix2Choice6.bmp,../../CompanionFolderForCognitiveTasks/MatricesImages/AltBMatrix2Choice7.bmp,../../CompanionFolderForCognitiveTasks/MatricesImages/AltBMatrix2Choice8.bmp,5
../../CompanionFolderForCognitiveTasks/MatricesImages/AltBMatrix3.bmp,../../CompanionFolderForCognitiveTasks/MatricesImages/AltBMatrix3Choice1.bmp,../../CompanionFolderForCognitiveTasks/MatricesImages/AltBMatrix3Choice2.bmp,../../CompanionFolderForCognitiveTasks/MatricesImages/AltBMatrix3Choice3.bmp,../../CompanionFolderForCognitiveTasks/MatricesImages/AltBMatrix3Choice4.bmp,../../CompanionFolderForCognitiveTasks/MatricesImages/AltBMatrix3Choice5.bmp,../../CompanionFolderForCognitiveTasks/MatricesImages/AltBMatrix3Choice6.bmp,../../CompanionFolderForCognitiveTasks/MatricesImages/AltBMatrix3Choice7.bmp,../../CompanionFolderForCognitiveTasks/MatricesImages/AltBMatrix3Choice8.bmp,7
../../CompanionFolderForCognitiveTasks/MatricesImages/AltBMatrix4.bmp,../../CompanionFolderForCognitiveTasks/MatricesImages/AltBMatrix4Choice1.bmp,../../CompanionFolderForCognitiveTasks/MatricesImages/AltBMatrix4Choice2.bmp,../../CompanionFolderForCognitiveTasks/MatricesImages/AltBMatrix4Choice3.bmp,../../CompanionFolderForCognitiveTasks/MatricesImages/AltBMatrix4Choice4.bmp,../../CompanionFolderForCognitiveTasks/MatricesImages/AltBMatrix4Choice5.bmp,../../CompanionFolderForCognitiveTasks/MatricesImages/AltBMatrix4Choice6.bmp,../../CompanionFolderForCognitiveTasks/MatricesImages/AltBMatrix4Choice7.bmp,../../CompanionFolderForCognitiveTasks/MatricesImages/AltBMatrix4Choice8.bmp,2
../../CompanionFolderForCognitiveTasks/MatricesImages/AltBMatrix5.bmp,../../CompanionFolderForCognitiveTasks/MatricesImages/AltBMatrix5Choice1.bmp,../../CompanionFolderForCognitiveTasks/MatricesImages/AltBMatrix5Choice2.bmp,../../CompanionFolderForCognitiveTasks/MatricesImages/AltBMatrix5Choice3.bmp,../../CompanionFolderForCognitiveTasks/MatricesImages/AltBMatrix5Choice4.bmp,../../CompanionFolderForCognitiveTasks/MatricesImages/AltBMatrix5Choice5.bmp,../../CompanionFolderForCognitiveTasks/MatricesImages/AltBMatrix5Choice6.bmp,../../CompanionFolderForCognitiveTasks/MatricesImages/AltBMatrix5Choice7.bmp,../../CompanionFolderForCognitiveTasks/MatricesImages/AltBMatrix5Choice8.bmp,3
../../CompanionFolderForCognitiveTasks/MatricesImages/AltBMatrix6.bmp,../../CompanionFolderForCognitiveTasks/MatricesImages/AltBMatrix6Choice1.bmp,../../CompanionFolderForCognitiveTasks/MatricesImages/AltBMatrix6Choice2.bmp,../../CompanionFolderForCognitiveTasks/MatricesImages/AltBMatrix6Choice3.bmp,../../CompanionFolderForCognitiveTasks/MatricesImages/AltBMatrix6Choice4.bmp,../../CompanionFolderForCognitiveTasks/MatricesImages/AltBMatrix6Choice5.bmp,../../CompanionFolderForCognitiveTasks/MatricesImages/AltBMatrix6Choice6.bmp,../../CompanionFolderForCognitiveTasks/MatricesImages/AltBMatrix6Choice7.bmp,../../CompanionFolderForCognitiveTasks/MatricesImages/AltBMatrix6Choice8.bmp,2
../../CompanionFolderForCognitiveTasks/MatricesImages/AltBMatrix7.bmp,../../CompanionFolderForCognitiveTasks/MatricesImages/AltBMatrix7Choice1.bmp,../../CompanionFolderForCognitiveTasks/MatricesImages/AltBMatrix7Choice2.bmp,../../CompanionFolderForCognitiveTasks/MatricesImages/AltBMatrix7Choice3.bmp,../../CompanionFolderForCognitiveTasks/MatricesImages/AltBMatrix7Choice4.bmp,../../CompanionFolderForCognitiveTasks/MatricesImages/AltBMatrix7Choice5.bmp,../../CompanionFolderForCognitiveTasks/MatricesImages/AltBMatrix7Choice6.bmp,../../CompanionFolderForCognitiveTasks/MatricesImages/AltBMatrix7Choice7.bmp,../../CompanionFolderForCognitiveTasks/MatricesImages/AltBMatrix7Choice8.bmp,5
../../CompanionFolderForCognitiveTasks/MatricesImages/AltBMatrix8.bmp,../../CompanionFolderForCognitiveTasks/MatricesImages/AltBMatrix8Choice1.bmp,../../CompanionFolderForCognitiveTasks/MatricesImages/AltBMatrix8Choice2.bmp,../../CompanionFolderForCognitiveTasks/MatricesImages/AltBMatrix8Choice3.bmp,../../CompanionFolderForCognitiveTasks/MatricesImages/AltBMatrix8Choice4.bmp,../../CompanionFolderForCognitiveTasks/MatricesImages/AltBMatrix8Choice5.bmp,../../CompanionFolderForCognitiveTasks/MatricesImages/AltBMatrix8Choice6.bmp,../../CompanionFolderForCognitiveTasks/MatricesImages/AltBMatrix8Choice7.bmp,../../CompanionFolderForCognitiveTasks/MatricesImages/AltBMatrix8Choice8.bmp,2
../../CompanionFolderForCognitiveTasks/MatricesImages/AltBMatrix9.bmp,../../CompanionFolderForCognitiveTasks/MatricesImages/AltBMatrix9Choice1.bmp,../../CompanionFolderForCognitiveTasks/MatricesImages/AltBMatrix9Choice2.bmp,../../CompanionFolderForCognitiveTasks/MatricesImages/AltBMatrix9Choice3.bmp,../../CompanionFolderForCognitiveTasks/MatricesImages/AltBMatrix9Choice4.bmp,../../CompanionFolderForCognitiveTasks/MatricesImages/AltBMatrix9Choice5.bmp,../../CompanionFolderForCognitiveTasks/MatricesImages/AltBMatrix9Choice6.bmp,../../CompanionFolderForCognitiveTasks/MatricesImages/AltBMatrix9Choice7.bmp,../../CompanionFolderForCognitiveTasks/MatricesImages/AltBMatrix9Choice8.bmp,2
../../CompanionFolderForCognitiveTasks/MatricesImages/AltBMatrix10.bmp,../../CompanionFolderForCognitiveTasks/MatricesImages/AltBMatrix10Choice1.bmp,../../CompanionFolderForCognitiveTasks/MatricesImages/AltBMatrix10Choice2.bmp,../../CompanionFolderForCognitiveTasks/MatricesImages/AltBMatrix10Choice3.bmp,../../CompanionFolderForCognitiveTasks/MatricesImages/AltBMatrix10Choice4.bmp,../../CompanionFolderForCognitiveTasks/MatricesImages/AltBMatrix10Choice5.bmp,../../CompanionFolderForCognitiveTasks/MatricesImages/AltBMatrix10Choice6.bmp,../../CompanionFolderForCognitiveTasks/MatricesImages/AltBMatrix10Choice7.bmp,../../CompanionFolderForCognitiveTasks/MatricesImages/AltBMatrix10Choice8.bmp,5
../../CompanionFolderForCognitiveTasks/MatricesImages/AltBMatrix11.bmp,../../CompanionFolderForCognitiveTasks/MatricesImages/AltBMatrix11Choice1.bmp,../../CompanionFolderForCognitiveTasks/MatricesImages/AltBMatrix11Choice2.bmp,../../CompanionFolderForCognitiveTasks/MatricesImages/AltBMatrix11Choice3.bmp,../../CompanionFolderForCognitiveTasks/MatricesImages/AltBMatrix11Choice4.bmp,../../CompanionFolderForCognitiveTasks/MatricesImages/AltBMatrix11Choice5.bmp,../../CompanionFolderForCognitiveTasks/MatricesImages/AltBMatrix11Choice6.bmp,../../CompanionFolderForCognitiveTasks/MatricesImages/AltBMatrix11Choice7.bmp,../../CompanionFolderForCognitiveTasks/MatricesImages/AltBMatrix11Choice8.bmp,1
../../CompanionFolderForCognitiveTasks/MatricesImages/AltBMatrix12.bmp,../../CompanionFolderForCognitiveTasks/MatricesImages/AltBMatrix12Choice1.bmp,../../CompanionFolderForCognitiveTasks/MatricesImages/AltBMatrix12Choice2.bmp,../../CompanionFolderForCognitiveTasks/MatricesImages/AltBMatrix12Choice3.bmp,../../CompanionFolderForCognitiveTasks/MatricesImages/AltBMatrix12Choice4.bmp,../../CompanionFolderForCognitiveTasks/MatricesImages/AltBMatrix12Choice5.bmp,../../CompanionFolderForCognitiveTasks/MatricesImages/AltBMatrix12Choice6.bmp,../../CompanionFolderForCognitiveTasks/MatricesImages/AltBMatrix12Choice7.bmp,../../CompanionFolderForCognitiveTasks/MatricesImages/AltBMatrix12Choice8.bmp,2
../../CompanionFolderForCognitiveTasks/MatricesImages/AltBMatrix13.bmp,../../CompanionFolderForCognitiveTasks/MatricesImages/AltBMatrix13Choice1.bmp,../../CompanionFolderForCognitiveTasks/MatricesImages/AltBMatrix13Choice2.bmp,../../CompanionFolderForCognitiveTasks/MatricesImages/AltBMatrix13Choice3.bmp,../../CompanionFolderForCognitiveTasks/MatricesImages/AltBMatrix13Choice4.bmp,../../CompanionFolderForCognitiveTasks/MatricesImages/AltBMatrix13Choice5.bmp,../../CompanionFolderForCognitiveTasks/MatricesImages/AltBMatrix13Choice6.bmp,../../CompanionFolderForCognitiveTasks/MatricesImages/AltBMatrix13Choice7.bmp,../../CompanionFolderForCognitiveTasks/MatricesImages/AltBMatrix13Choice8.bmp,1
../../CompanionFolderForCognitiveTasks/MatricesImages/AltBMatrix14.bmp,../../CompanionFolderForCognitiveTasks/MatricesImages/AltBMatrix14Choice1.bmp,../../CompanionFolderForCognitiveTasks/MatricesImages/AltBMatrix14Choice2.bmp,../../CompanionFolderForCognitiveTasks/MatricesImages/AltBMatrix14Choice3.bmp,../../CompanionFolderForCognitiveTasks/MatricesImages/AltBMatrix14Choice4.bmp,../../CompanionFolderForCognitiveTasks/MatricesImages/AltBMatrix14Choice5.bmp,../../CompanionFolderForCognitiveTasks/MatricesImages/AltBMatrix14Choice6.bmp,../../CompanionFolderForCognitiveTasks/MatricesImages/AltBMatrix14Choice7.bmp,../../CompanionFolderForCognitiveTasks/MatricesImages/AltBMatrix14Choice8.bmp,3
../../CompanionFolderForCognitiveTasks/MatricesImages/AltBMatrix15.bmp,../../CompanionFolderForCognitiveTasks/MatricesImages/AltBMatrix15Choice1.bmp,../../CompanionFolderForCognitiveTasks/MatricesImages/AltBMatrix15Choice2.bmp,../../CompanionFolderForCognitiveTasks/MatricesImages/AltBMatrix15Choice3.bmp,../../CompanionFolderForCognitiveTasks/MatricesImages/AltBMatrix15Choice4.bmp,../../CompanionFolderForCognitiveTasks/MatricesImages/AltBMatrix15Choice5.bmp,../../CompanionFolderForCognitiveTasks/MatricesImages/AltBMatrix15Choice6.bmp,../../CompanionFolderForCognitiveTasks/MatricesImages/AltBMatrix15Choice7.bmp,../../CompanionFolderForCognitiveTasks/MatricesImages/AltBMatrix15Choice8.bmp,2
../../CompanionFolderForCognitiveTasks/MatricesImages/AltBMatrix16.bmp,../../CompanionFolderForCognitiveTasks/MatricesImages/AltBMatrix16Choice1.bmp,../../CompanionFolderForCognitiveTasks/MatricesImages/AltBMatrix16Choice2.bmp,../../CompanionFolderForCognitiveTasks/MatricesImages/AltBMatrix16Choice3.bmp,../../CompanionFolderForCognitiveTasks/MatricesImages/AltBMatrix16Choice4.bmp,../../CompanionFolderForCognitiveTasks/MatricesImages/AltBMatrix16Choice5.bmp,../../CompanionFolderForCognitiveTasks/MatricesImages/AltBMatrix16Choice6.bmp,../../CompanionFolderForCognitiveTasks/MatricesImages/AltBMatrix16Choice7.bmp,../../CompanionFolderForCognitiveTasks/MatricesImages/AltBMatrix16Choice8.bmp,5
../../CompanionFolderForCognitiveTasks/MatricesImages/AltBMatrix17.bmp,../../CompanionFolderForCognitiveTasks/MatricesImages/AltBMatrix17Choice1.bmp,../../CompanionFolderForCognitiveTasks/MatricesImages/AltBMatrix17Choice2.bmp,../../CompanionFolderForCognitiveTasks/MatricesImages/AltBMatrix17Choice3.bmp,../../CompanionFolderForCognitiveTasks/MatricesImages/AltBMatrix17Choice4.bmp,../../CompanionFolderForCognitiveTasks/MatricesImages/AltBMatrix17Choice5.bmp,../../CompanionFolderForCognitiveTasks/MatricesImages/AltBMatrix17Choice6.bmp,../../CompanionFolderForCognitiveTasks/MatricesImages/AltBMatrix17Choice7.bmp,../../CompanionFolderForCognitiveTasks/MatricesImages/AltBMatrix17Choice8.bmp,6
../../CompanionFolderForCognitiveTasks/MatricesImages/AltBMatrix18.bmp,../../CompanionFolderForCognitiveTasks/MatricesImages/AltBMatrix18Choice1.bmp,../../CompanionFolderForCognitiveTasks/MatricesImages/AltBMatrix18Choice2.bmp,../../CompanionFolderForCognitiveTasks/MatricesImages/AltBMatrix18Choice3.bmp,../../CompanionFolderForCognitiveTasks/MatricesImages/AltBMatrix18Choice4.bmp,../../CompanionFolderForCognitiveTasks/MatricesImages/AltBMatrix18Choice5.bmp,../../CompanionFolderForCognitiveTasks/MatricesImages/AltBMatrix18Choice6.bmp,../../CompanionFolderForCognitiveTasks/MatricesImages/AltBMatrix18Choice7.bmp,../../CompanionFolderForCognitiveTasks/MatricesImages/AltBMatrix18Choice8.bmp,4
../../CompanionFolderForCognitiveTasks/MatricesImages/matrix1.bmp,../../CompanionFolderForCognitiveTasks/MatricesImages/matrix1choice1.bmp,../../CompanionFolderForCognitiveTasks/MatricesImages/matrix1choice2.bmp,../../CompanionFolderForCognitiveTasks/MatricesImages/matrix1choice3.bmp,../../CompanionFolderForCognitiveTasks/MatricesImages/matrix1choice4.bmp,../../CompanionFolderForCognitiveTasks/MatricesImages/matrix1choice5.bmp,../../CompanionFolderForCognitiveTasks/MatricesImages/matrix1choice6.bmp,../../CompanionFolderForCognitiveTasks/MatricesImages/matrix1choice7.bmp,../../CompanionFolderForCognitiveTasks/MatricesImages/matrix1choice8.bmp,5
../../CompanionFolderForCognitiveTasks/MatricesImages/matrix2.bmp,../../CompanionFolderForCognitiveTasks/MatricesImages/matrix2choice1.bmp,../../CompanionFolderForCognitiveTasks/MatricesImages/matrix2choice2.bmp,../../CompanionFolderForCognitiveTasks/MatricesImages/matrix2choice3.bmp,../../CompanionFolderForCognitiveTasks/MatricesImages/matrix2choice4.bmp,../../CompanionFolderForCognitiveTasks/MatricesImages/matrix2choice5.bmp,../../CompanionFolderForCognitiveTasks/MatricesImages/matrix2choice6.bmp,../../CompanionFolderForCognitiveTasks/MatricesImages/matrix2choice7.bmp,../../CompanionFolderForCognitiveTasks/MatricesImages/matrix2choice8.bmp,7
../../CompanionFolderForCognitiveTasks/MatricesImages/matrix3.bmp,../../CompanionFolderForCognitiveTasks/MatricesImages/matrix3choice1.bmp,../../CompanionFolderForCognitiveTasks/MatricesImages/matrix3choice2.bmp,../../CompanionFolderForCognitiveTasks/MatricesImages/matrix3choice3.bmp,../../CompanionFolderForCognitiveTasks/MatricesImages/matrix3choice4.bmp,../../CompanionFolderForCognitiveTasks/MatricesImages/matrix3choice5.bmp,../../CompanionFolderForCognitiveTasks/MatricesImages/matrix3choice6.bmp,../../CompanionFolderForCognitiveTasks/MatricesImages/matrix3choice7.bmp,../../CompanionFolderForCognitiveTasks/MatricesImages/matrix3choice8.bmp,3
../../CompanionFolderForCognitiveTasks/MatricesImages/matrix4.bmp,../../CompanionFolderForCognitiveTasks/MatricesImages/matrix4choice1.bmp,../../CompanionFolderForCognitiveTasks/MatricesImages/matrix4choice2.bmp,../../CompanionFolderForCognitiveTasks/MatricesImages/matrix4choice3.bmp,../../CompanionFolderForCognitiveTasks/MatricesImages/matrix4choice4.bmp,../../CompanionFolderForCognitiveTasks/MatricesImages/matrix4choice5.bmp,../../CompanionFolderForCognitiveTasks/MatricesImages/matrix4choice6.bmp,../../CompanionFolderForCognitiveTasks/MatricesImages/matrix4choice7.bmp,../../CompanionFolderForCognitiveTasks/MatricesImages/matrix4choice8.bmp,6
../../CompanionFolderForCognitiveTasks/MatricesImages/matrix5.bmp,../../CompanionFolderForCognitiveTasks/MatricesImages/matrix5choice1.bmp,../../CompanionFolderForCognitiveTasks/MatricesImages/matrix5choice2.bmp,../../CompanionFolderForCognitiveTasks/MatricesImages/matrix5choice3.bmp,../../CompanionFolderForCognitiveTasks/MatricesImages/matrix5choice4.bmp,../../CompanionFolderForCognitiveTasks/MatricesImages/matrix5choice5.bmp,../../CompanionFolderForCognitiveTasks/MatricesImages/matrix5choice6.bmp,../../CompanionFolderForCognitiveTasks/MatricesImages/matrix5choice7.bmp,../../CompanionFolderForCognitiveTasks/MatricesImages/matrix5choice8.bmp,8
../../CompanionFolderForCognitiveTasks/MatricesImages/matrix6.bmp,../../CompanionFolderForCognitiveTasks/MatricesImages/matrix6choice1.bmp,../../CompanionFolderForCognitiveTasks/MatricesImages/matrix6choice2.bmp,../../CompanionFolderForCognitiveTasks/MatricesImages/matrix6choice3.bmp,../../CompanionFolderForCognitiveTasks/MatricesImages/matrix6choice4.bmp,../../CompanionFolderForCognitiveTasks/MatricesImages/matrix6choice5.bmp,../../CompanionFolderForCognitiveTasks/MatricesImages/matrix6choice6.bmp,../../CompanionFolderForCognitiveTasks/MatricesImages/matrix6choice7.bmp,../../CompanionFolderForCognitiveTasks/MatricesImages/matrix6choice8.bmp,5
../../CompanionFolderForCognitiveTasks/MatricesImages/matrix7.bmp,../../CompanionFolderForCognitiveTasks/MatricesImages/matrix7choice1.bmp,../../CompanionFolderForCognitiveTasks/MatricesImages/matrix7choice2.bmp,../../CompanionFolderForCognitiveTasks/MatricesImages/matrix7choice3.bmp,../../CompanionFolderForCognitiveTasks/MatricesImages/matrix7choice4.bmp,../../CompanionFolderForCognitiveTasks/MatricesImages/matrix7choice5.bmp,../../CompanionFolderForCognitiveTasks/MatricesImages/matrix7choice6.bmp,../../CompanionFolderForCognitiveTasks/MatricesImages/matrix7choice7.bmp,../../CompanionFolderForCognitiveTasks/MatricesImages/matrix7choice8.bmp,2
../../CompanionFolderForCognitiveTasks/MatricesImages/matrix8.bmp,../../CompanionFolderForCognitiveTasks/MatricesImages/matrix8choice1.bmp,../../CompanionFolderForCognitiveTasks/MatricesImages/matrix8choice2.bmp,../../CompanionFolderForCognitiveTasks/MatricesImages/matrix8choice3.bmp,../../CompanionFolderForCognitiveTasks/MatricesImages/matrix8choice4.bmp,../../CompanionFolderForCognitiveTasks/MatricesImages/matrix8choice5.bmp,../../CompanionFolderForCognitiveTasks/MatricesImages/matrix8choice6.bmp,../../CompanionFolderForCognitiveTasks/MatricesImages/matrix8choice7.bmp,../../CompanionFolderForCognitiveTasks/MatricesImages/matrix8choice8.bmp,2
../../CompanionFolderForCognitiveTasks/MatricesImages/matrix9.bmp,../../CompanionFolderForCognitiveTasks/MatricesImages/matrix9choice1.bmp,../../CompanionFolderForCognitiveTasks/MatricesImages/matrix9choice2.bmp,../../CompanionFolderForCognitiveTasks/MatricesImages/matrix9choice3.bmp,../../CompanionFolderForCognitiveTasks/MatricesImages/matrix9choice4.bmp,../../CompanionFolderForCognitiveTasks/MatricesImages/matrix9choice5.bmp,../../CompanionFolderForCognitiveTasks/MatricesImages/matrix9choice6.bmp,../../CompanionFolderForCognitiveTasks/MatricesImages/matrix9choice7.bmp,../../CompanionFolderForCognitiveTasks/MatricesImages/matrix9choice8.bmp,6
../../CompanionFolderForCognitiveTasks/MatricesImages/matrix10.bmp,../../CompanionFolderForCognitiveTasks/MatricesImages/matrix10choice1.bmp,../../CompanionFolderForCognitiveTasks/MatricesImages/matrix10choice2.bmp,../../CompanionFolderForCognitiveTasks/MatricesImages/matrix10choice3.bmp,../../CompanionFolderForCognitiveTasks/MatricesImages/matrix10choice4.bmp,../../CompanionFolderForCognitiveTasks/MatricesImages/matrix10choice5.bmp,../../CompanionFolderForCognitiveTasks/MatricesImages/matrix10choice6.bmp,../../CompanionFolderForCognitiveTasks/MatricesImages/matrix10choice7.bmp,../../CompanionFolderForCognitiveTasks/MatricesImages/matrix10choice8.bmp,3
../../CompanionFolderForCognitiveTasks/MatricesImages/matrix11.bmp,../../CompanionFolderForCognitiveTasks/MatricesImages/matrix11choice1.bmp,../../CompanionFolderForCognitiveTasks/MatricesImages/matrix11choice2.bmp,../../CompanionFolderForCognitiveTasks/MatricesImages/matrix11choice3.bmp,../../CompanionFolderForCognitiveTasks/MatricesImages/matrix11choice4.bmp,../../CompanionFolderForCognitiveTasks/MatricesImages/matrix11choice5.bmp,../../CompanionFolderForCognitiveTasks/MatricesImages/matrix11choice6.bmp,../../CompanionFolderForCognitiveTasks/MatricesImages/matrix11choice7.bmp,../../CompanionFolderForCognitiveTasks/MatricesImages/matrix11choice8.bmp,8
../../CompanionFolderForCognitiveTasks/MatricesImages/matrix12.bmp,../../CompanionFolderForCognitiveTasks/MatricesImages/matrix12choice1.bmp,../../CompanionFolderForCognitiveTasks/MatricesImages/matrix12choice2.bmp,../../CompanionFolderForCognitiveTasks/MatricesImages/matrix12choice3.bmp,../../CompanionFolderForCognitiveTasks/MatricesImages/matrix12choice4.bmp,../../CompanionFolderForCognitiveTasks/MatricesImages/matrix12choice5.bmp,../../CompanionFolderForCognitiveTasks/MatricesImages/matrix12choice6.bmp,../../CompanionFolderForCognitiveTasks/MatricesImages/matrix12choice7.bmp,../../CompanionFolderForCognitiveTasks/MatricesImages/matrix12choice8.bmp,6
../../CompanionFolderForCognitiveTasks/MatricesImages/matrix14.bmp,../../CompanionFolderForCognitiveTasks/MatricesImages/matrix14choice1.bmp,../../CompanionFolderForCognitiveTasks/MatricesImages/matrix14choice2.bmp,../../CompanionFolderForCognitiveTasks/MatricesImages/matrix14choice3.bmp,../../CompanionFolderForCognitiveTasks/MatricesImages/matrix14choice4.bmp,../../CompanionFolderForCognitiveTasks/MatricesImages/matrix14choice5.bmp,../../CompanionFolderForCognitiveTasks/MatricesImages/matrix14choice6.bmp,../../CompanionFolderForCognitiveTasks/MatricesImages/matrix14choice7.bmp,../../CompanionFolderForCognitiveTasks/MatricesImages/matrix14choice8.bmp,7
../../CompanionFolderForCognitiveTasks/MatricesImages/matrix15.bmp,../../CompanionFolderForCognitiveTasks/MatricesImages/matrix15choice1.bmp,../../CompanionFolderForCognitiveTasks/MatricesImages/matrix15choice2.bmp,../../CompanionFolderForCognitiveTasks/MatricesImages/matrix15choice3.bmp,../../CompanionFolderForCognitiveTasks/MatricesImages/matrix15choice4.bmp,../../CompanionFolderForCognitiveTasks/MatricesImages/matrix15choice5.bmp,../../CompanionFolderForCognitiveTasks/MatricesImages/matrix15choice6.bmp,../../CompanionFolderForCognitiveTasks/MatricesImages/matrix15choice7.bmp,../../CompanionFolderForCognitiveTasks/MatricesImages/matrix15choice8.bmp,6
../../CompanionFolderForCognitiveTasks/MatricesImages/matrix16.bmp,../../CompanionFolderForCognitiveTasks/MatricesImages/matrix16choice1.bmp,../../CompanionFolderForCognitiveTasks/MatricesImages/matrix16choice2.bmp,../../CompanionFolderForCognitiveTasks/MatricesImages/matrix16choice3.bmp,../../CompanionFolderForCognitiveTasks/MatricesImages/matrix16choice4.bmp,../../CompanionFolderForCognitiveTasks/MatricesImages/matrix16choice5.bmp,../../CompanionFolderForCognitiveTasks/MatricesImages/matrix16choice6.bmp,../../CompanionFolderForCognitiveTasks/MatricesImages/matrix16choice7.bmp,../../CompanionFolderForCognitiveTasks/MatricesImages/matrix16choice8.bmp,4
../../CompanionFolderForCognitiveTasks/MatricesImages/matrix17.bmp,../../CompanionFolderForCognitiveTasks/MatricesImages/matrix17choice1.bmp,../../CompanionFolderForCognitiveTasks/MatricesImages/matrix17choice2.bmp,../../CompanionFolderForCognitiveTasks/MatricesImages/matrix17choice3.bmp,../../CompanionFolderForCognitiveTasks/MatricesImages/matrix17choice4.bmp,../../CompanionFolderForCognitiveTasks/MatricesImages/matrix17choice5.bmp,../../CompanionFolderForCognitiveTasks/MatricesImages/matrix17choice6.bmp,../../CompanionFolderForCognitiveTasks/MatricesImages/matrix17choice7.bmp,../../CompanionFolderForCognitiveTasks/MatricesImages/matrix17choice8.bmp,2
../../CompanionFolderForCognitiveTasks/MatricesImages/matrix18.bmp,../../CompanionFolderForCognitiveTasks/MatricesImages/matrix18choice1.bmp,../../CompanionFolderForCognitiveTasks/MatricesImages/matrix18choice2.bmp,../../CompanionFolderForCognitiveTasks/MatricesImages/matrix18choice3.bmp,../../CompanionFolderForCognitiveTasks/MatricesImages/matrix18choice4.bmp,../../CompanionFolderForCognitiveTasks/MatricesImages/matrix18choice5.bmp,../../CompanionFolderForCognitiveTasks/MatricesImages/matrix18choice6.bmp,../../CompanionFolderForCognitiveTasks/MatricesImages/matrix18choice7.bmp,../../CompanionFolderForCognitiveTasks/MatricesImages/matrix18choice8.bmp,3